<?xml version="1.0" encoding="UTF-8"?>
<project basedir=".." name="BTrace">
    <property file="make/build.properties"/>
    <property file="nbproject/private/project.properties"/>

    <!-- TODO: edit the following target according to your needs -->
    <!-- (more info: http://www.netbeans.org/kb/articles/freeform-config.html#compilesingle) -->
    <target name="compile-selected-files-in-test">
        <fail unless="files">Must set property 'files'</fail>
        <mkdir dir="build/test"/>
        <javac destdir="build/test" includes="${files}" source="1.5" srcdir="src/test" debug="true" debuglevel="lines,vars,source">
            <classpath path="{$junit.jar};test-lib/asm-${asm.version}.jar;test-lib/asm-util-${ams.version}.jar;test-lib/ant-junit.jar;build/classes;build/test"/>
        </javac>
    </target>
    <target name="compile-selected-btrace-files">
        <fail unless="files">Must set property 'files'</fail>
        <apply executable="bin/btracec" verbose="true">
            <fileset dir="src/test" includes="${files}"/>
            <arg value="-cp build/test"/>
            <arg value="-d build/test"/>
        </apply>
    </target>
    <!-- TODO: edit the following target according to your needs -->
    <!-- (more info: http://www.netbeans.org/kb/articles/freeform-config.html#compilesingle) -->
    <target name="compile-selected-files-in-classes">
        <fail unless="files">Must set property 'files'</fail>
        <mkdir dir="build/classes"/>
        <javac destdir="build/classes" includes="${files}" source="1.5" srcdir="src/share/classes" debug="true" debuglevel="lines,vars,source">
            <classpath path="lib/btrace-asm-${asm.version}.jar:${tools.jar}"/>
        </javac>
    </target>

    <target name="run-selected-file-in-classes" description="Run Single File">
      <fail unless="run.class">Must set property 'classname'</fail>
      <java classname="${run.class}">
         <classpath path="build/classes:lib/btrace-asm-${asm.version}.jar"/>
      </java>
   </target>

   <target name="run-selected-file-in-test">
        <fail unless="run.class">Must set property 'run.class'</fail>
        <path id="cp">
            <pathelement
path="test-lib/junit-4.6.jar;test-lib/asm-${asm.version}.jar;test-lib/asm-all-${asm.version}.jar;test-lib/ant-junit.jar;"/>
            <pathelement path="build/test"/>
            <pathelement path="build/classes"/>
        </path>
        <junit fork="yes" haltonfailure="yes"
printsummary="withOutAndErr" showoutput="true">
            <classpath refid="cp"/>
            <formatter type="plain" usefile="false"/>
            <formatter type="xml"/>
<!--            <jvmarg value="-Xdebug"/>
            <jvmarg value="-Xnoagent"/>-->
            <jvmarg value="-Djava.compiler=none"/>
<!--            <jvmarg
value="-Xrunjdwp:transport=dt_socket,address=${jpda.address},suspend=y"/>-->
            <test name="${run.class}"/>
        </junit>
    </target>
    <target name="debug-selected-file-in-test">
        <fail unless="debug.class">Must set property 'run.class'</fail>
        <path id="cp">
            <pathelement
path="test-lib/junit-4.6.jar;test-lib/asm-${asm.version}.jar;test-lib/asm-all-${asm.version}.jar;test-lib/ant-junit.jar;"/>
            <pathelement path="build/test"/>
            <pathelement path="build/classes"/>
        </path>
        <nbjpdastart addressproperty="jpda.address"
name="cde_server-IDE" transport="dt_socket">
            <classpath refid="cp"/>
            <sourcepath path="src,build"/>
        </nbjpdastart>
        <junit fork="yes" haltonfailure="yes"
printsummary="withOutAndErr" showoutput="true">
            <classpath refid="cp"/>
            <formatter type="plain" usefile="false"/>
            <formatter type="xml"/>
            <jvmarg value="-Xdebug"/>
            <jvmarg value="-Xnoagent"/>
            <jvmarg value="-Djava.compiler=none"/>
            <jvmarg
value="-Xrunjdwp:transport=dt_socket,address=${jpda.address},suspend=y"/>
            <test name="${debug.class}"/>
        </junit>
    </target>
</project>
