<?xml version="1.0" encoding="UTF-8"?>
<project basedir=".." name="BTrace">
    <property file="nbproject/nbjdk.properties"/>
    <property location="${netbeans.user}/build.properties" name="user.properties.file"/>
    <property file="${user.properties.file}"/>
    <import file="jdk.xml"/>
    <target depends="-jdk-init" name="jar">
        <ant antfile="make/build.xml" inheritall="false" target="jar"/>
    </target>
    <target depends="-jdk-init" name="clean">
        <ant antfile="make/build.xml" inheritall="false" target="clean"/>
    </target>
    <target depends="-jdk-init" name="test">
        <ant antfile="make/build.xml" inheritall="false" target="test"/>
    </target>
    <target depends="-jdk-init" name="javadoc">
        <ant antfile="make/build.xml" inheritall="false" target="javadoc"/>
    </target>
    <target depends="-jdk-init,-jdk-presetdef-nbjpdastart" name="debug-selected-file-in-classes">
        <ant antfile="nbproject/ide-file-targets.xml" inheritall="false" target="debug-selected-file-in-classes"/>
    </target>
    <target depends="-jdk-init" name="run-selected-file-in-classes">
        <ant antfile="nbproject/ide-file-targets.xml" inheritall="false" target="run-selected-file-in-classes"/>
    </target>
    <target depends="-jdk-init,-jdk-presetdef-nbjpdastart" name="debug-selected-file-in-test">
        <ant antfile="nbproject/ide-file-targets.xml" inheritall="false" target="debug-selected-file-in-test"/>
    </target>
    <target depends="-jdk-init" name="run-selected-file-in-test">
        <ant antfile="nbproject/ide-file-targets.xml" inheritall="false" target="run-selected-file-in-test"/>
    </target>
    <target depends="-jdk-init" name="compile-selected-btrace-files">
        <ant antfile="nbproject/ide-file-targets.xml" inheritall="false" target="compile-selected-btrace-files"/>
    </target>
    <target depends="-jdk-init" name="compile-selected-files-in-test">
        <ant antfile="nbproject/ide-file-targets.xml" inheritall="false" target="compile-selected-files-in-test"/>
    </target>
    <target depends="-jdk-init" name="compile-selected-files-in-classes">
        <ant antfile="nbproject/ide-file-targets.xml" inheritall="false" target="compile-selected-files-in-classes"/>
    </target>
</project>
