<?xml version="1.0" encoding="UTF-8"?>
<project xmlns="http://www.netbeans.org/ns/project/1">
    <type>org.netbeans.modules.ant.freeform</type>
    <configuration>
        <general-data xmlns="http://www.netbeans.org/ns/freeform-project/1">
            <name>BTrace</name>
        </general-data>
        <general-data xmlns="http://www.netbeans.org/ns/freeform-project/2">
            <!-- Do not use Project Properties customizer when editing this file manually. -->
            <name>BTrace</name>
            <properties>
                <property name="ant.script">make/build.xml</property>
                <property name="project.dir">.</property>
                <property-file>make/build.properties</property-file>
                <property-file>nbproject/private/project.properties</property-file>
            </properties>
            <folders>
                <source-folder>
                    <label>BTrace</label>
                    <location>.</location>
                    <encoding>UTF-8</encoding>
                </source-folder>
                <source-folder>
                    <label>src\share\classes</label>
                    <type>java</type>
                    <location>src/share/classes</location>
                    <encoding>UTF-8</encoding>
                </source-folder>
                <source-folder>
                    <label>src\solaris\classes</label>
                    <type>java</type>
                    <location>src/solaris/classes</location>
                    <encoding>UTF-8</encoding>
                </source-folder>
                <source-folder>
                    <label>src/test</label>
                    <type>java</type>
                    <location>src/test</location>
                    <encoding>UTF-8</encoding>
                </source-folder>
            </folders>
            <ide-actions>
                <action name="build">
                    <script>nbproject/nbjdk.xml</script>
                    <target>jar</target>
                </action>
                <action name="clean">
                    <script>nbproject/nbjdk.xml</script>
                    <target>clean</target>
                </action>
                <action name="rebuild">
                    <script>nbproject/nbjdk.xml</script>
                    <target>clean</target>
                    <target>jar</target>
                </action>
                <action name="test">
                    <script>nbproject/nbjdk.xml</script>
                    <target>test</target>
                </action>
                <action name="javadoc">
                    <script>nbproject/nbjdk.xml</script>
                    <target>javadoc</target>
                </action>
                <action name="debug.single">
                    <script>nbproject/nbjdk.xml</script>
                    <target>debug-selected-file-in-classes</target>
                    <context>
                        <property>debug.class</property>
                        <folder>src/share/classes</folder>
                        <pattern>\.java$</pattern>
                        <format>java-name</format>
                        <arity>
                            <one-file-only/>
                        </arity>
                    </context>
                </action>
                <action name="run.single">
                    <script>nbproject/nbjdk.xml</script>
                    <target>run-selected-file-in-classes</target>
                    <context>
                        <property>run.class</property>
                        <folder>src/share/classes</folder>
                        <pattern>\.java$</pattern>
                        <format>java-name</format>
                        <arity>
                            <one-file-only/>
                        </arity>
                    </context>
                </action>
                <action name="debug.single">
                    <script>nbproject/nbjdk.xml</script>
                    <target>debug-selected-file-in-test</target>
                    <context>
                        <property>debug.class</property>
                        <folder>src/test</folder>
                        <pattern>\.java$</pattern>
                        <format>java-name</format>
                        <arity>
                            <one-file-only/>
                        </arity>
                    </context>
                </action>
                <action name="run.single">
                    <script>nbproject/nbjdk.xml</script>
                    <target>run-selected-file-in-test</target>
                    <context>
                        <property>run.class</property>
                        <folder>src/test</folder>
                        <pattern>\.java$</pattern>
                        <format>java-name</format>
                        <arity>
                            <one-file-only/>
                        </arity>
                    </context>
                </action>
                <action name="compile.single">
                    <script>nbproject/nbjdk.xml</script>
                    <target>compile-selected-btrace-files</target>
                    <context>
                        <property>files</property>
                        <folder>src/test/traces</folder>
                        <pattern>\.java$</pattern>
                        <format>relative-path</format>
                        <arity>
                            <separated-files>,</separated-files>
                        </arity>
                    </context>
                </action>
                <action name="compile.single">
                    <script>nbproject/nbjdk.xml</script>
                    <target>compile-selected-files-in-test</target>
                    <context>
                        <property>files</property>
                        <folder>src/test</folder>
                        <pattern>\.java$</pattern>
                        <format>relative-path</format>
                        <arity>
                            <separated-files>,</separated-files>
                        </arity>
                    </context>
                </action>
                <action name="compile.single">
                    <script>nbproject/nbjdk.xml</script>
                    <target>compile-selected-files-in-classes</target>
                    <context>
                        <property>files</property>
                        <folder>src/share/classes</folder>
                        <pattern>\.java$</pattern>
                        <format>relative-path</format>
                        <arity>
                            <separated-files>,</separated-files>
                        </arity>
                    </context>
                </action>
            </ide-actions>
            <export>
                <type>folder</type>
                <location>build/classes</location>
                <script>nbproject/nbjdk.xml</script>
                <build-target>jar</build-target>
            </export>
            <export>
                <type>folder</type>
                <location>build/test</location>
                <script>nbproject/nbjdk.xml</script>
                <build-target>jar</build-target>
            </export>
            <view>
                <items>
                    <source-folder style="packages">
                        <label>src\share\classes</label>
                        <location>src/share/classes</location>
                    </source-folder>
                    <source-folder style="packages">
                        <label>src\solaris\classes</label>
                        <location>src/solaris/classes</location>
                    </source-folder>
                    <source-folder style="packages">
                        <label>src/test</label>
                        <location>src/test</location>
                    </source-folder>
                    <source-file>
                        <location>${ant.script}</location>
                    </source-file>
                </items>
                <context-menu>
                    <ide-action name="build"/>
                    <ide-action name="rebuild"/>
                    <ide-action name="clean"/>
                    <ide-action name="javadoc"/>
                    <ide-action name="test"/>
                    <action>
                        <script>${ant.script}</script>
                        <label>Create Distribution</label>
                        <target>dist</target>
                    </action>
                    <action>
                        <script>${ant.script}</script>
                        <label>Compile Tests</label>
                        <target>compile-tests</target>
                    </action>
                    <action>
                        <script>${ant.script}</script>
                        <label>Build Test Scripts</label>
                        <target>prepare-tests</target>
                    </action>
                    <action>
                        <script>${ant.script}</script>
                        <label>Upload Maven Artifacts</label>
                        <target>upload.maven.with.build</target>
                    </action>
                    <action>
                        <script>${ant.script}</script>
                        <label>Create POMs</label>
                        <target>create.snapshot.poms</target>
                    </action>
                </context-menu>
            </view>
            <subprojects/>
        </general-data>
        <java-data xmlns="http://www.netbeans.org/ns/freeform-project-java/2">
            <compilation-unit>
                <package-root>src/share/classes</package-root>
                <classpath mode="compile">lib/btrace-asm-${asm.version}.jar:${tools.jar}</classpath>
                <built-to>build/classes</built-to>
                <source-level>1.5</source-level>
            </compilation-unit>
            <compilation-unit>
                <package-root>src/solaris/classes</package-root>
                <classpath mode="compile">lib/btrace-asm-${asm.version}.jar:${tools.jar}</classpath>
                <source-level>1.5</source-level>
            </compilation-unit>
            <compilation-unit>
                <package-root>src/test</package-root>
                <unit-tests/>
                <classpath mode="compile">build/classes:test-lib/asm-${asm.version}.jar:lib/btrace-asm-${asm.version}.jar:test-lib/asm-all-${asm.version}.jar:${junit.jar}</classpath>
                <built-to>build/test</built-to>
                <source-level>1.5</source-level>
            </compilation-unit>
        </java-data>
        <preferences xmlns="http://www.netbeans.org/ns/auxiliary-configuration-preferences/1">
            <module name="org-netbeans-modules-editor-indent"/>
        </preferences>
    </configuration>
</project>
